promotion,holiday,month,day_of_week,sales_lag_1,sales_lag_7,sales_lag_30,sales_roll_mean_7,sales_roll_std_7
0,0,2,3,560.0,500.0,260.0,540.0,21.602468994693353
1,0,2,4,570.0,520.0,270.0,548.5714285714286,24.10295378065522
1,0,2,5,580.0,510.0,280.0,560.0,21.602468994693353
