promotion,holiday,month,day_of_week,sales_lag_1,sales_lag_7,sales_lag_30,sales_roll_mean_7,sales_roll_std_7
1,0,1,2,480.0,420.0,200.0,451.42857142857144,27.945525240231184
1,0,2,3,490.0,430.0,180.0,461.42857142857144,31.320159337915243
0,0,2,4,500.0,410.0,220.0,477.14285714285717,28.702082220799653
1,0,2,5,520.0,440.0,210.0,487.14285714285717,25.634797778466627
1,0,2,6,510.0,450.0,190.0,498.57142857142856,24.102953780655223
0,0,2,0,530.0,460.0,230.0,510.0,21.602468994693353
1,0,2,1,540.0,480.0,250.0,520.0,21.602468994693353
1,0,2,2,550.0,490.0,240.0,530.0,21.602468994693353
